alt,typ,id,datei
1.1.1,beispiel,ein-schlecht-konditioniertes-problem,src/chapters/01-intro/S11.mdx
2.1.1,definition,numerisches-problem,src/chapters/02-algos/S21.mdx
2.1.2,bemerkung,grenzen-des-rechnens,src/chapters/02-algos/S21.mdx
2.1.3,beispiel,katastrophale-ausloeschung,src/chapters/02-algos/S21.mdx
2.1.4,beispiel,verletzte-assoziativitaet,src/chapters/02-algos/S21.mdx
2.1.5,definition,algorithmus,src/chapters/02-algos/S21.mdx
2.1.6,bemerkung,arten-von-algorithmen,src/chapters/02-algos/S21.mdx
2.2.1,definition,fibonacci-zahlen,src/chapters/02-algos/S22.mdx
2.2.2,algorithmus,fibonacci-schleifenbasiert,src/chapters/02-algos/S22.mdx
2.2.3,beispiel,die-ersten-6-fibonacci-zahlen,src/chapters/02-algos/S22.mdx
2.2.4,beispiel,algorithmenarten-in-ml-und-statistik,src/chapters/02-algos/S22.mdx
2.2.5,bemerkung,eine-analogie,src/chapters/02-algos/S22.mdx
2.2.1,sub,beispiel-fibonacci-zahlen,src/chapters/02-algos/S22.mdx
2.2.2,sub,vom-algorithmus-zum-programm,src/chapters/02-algos/S22.mdx
2.2.3,sub,fibonacci-selbsttest,src/chapters/02-algos/S22.mdx
2.2.4,sub,algorithmenarten-in-ml-und-statistik,src/chapters/02-algos/S22.mdx
2.2.5,sub,was-ist-ein-guter-algorithmus,src/chapters/02-algos/S22.mdx
2.3.1,definition,zeit-und-speicheraufwand,src/chapters/02-algos/S23.mdx
2.3.2,beispiel,matrix-vektor-multiplikation,src/chapters/02-algos/S23.mdx
2.3.3,satz,aufwand-der-matrix-vektor-multiplikation,src/chapters/02-algos/S23.mdx
2.3.4,algorithmus,spaltenweise-auswertung,src/chapters/02-algos/S23.mdx
2.3.5,definition,komplexitaet,src/chapters/02-algos/S23.mdx
2.3.6,beispiel,beispiel-2-3-6,src/chapters/02-algos/S23.mdx
2.3.7,bemerkung,interpretation-der-komplexitaetsklassen,src/chapters/02-algos/S23.mdx
2.3.8,bemerkung,vorsicht-konstanten,src/chapters/02-algos/S23.mdx
2.3.1,sub,zeit-und-speicheraufwand,src/chapters/02-algos/S23.mdx
2.3.2,sub,beispiel-matrix-vektor-multiplikation,src/chapters/02-algos/S23.mdx
2.3.3,sub,komplexitaet-wie-skaliert-der-aufwand,src/chapters/02-algos/S23.mdx
2.3.4,sub,komplexitaetsklassen,src/chapters/02-algos/S23.mdx
2.4.1,definition,landau-symbole,src/chapters/02-algos/S24.mdx
2.4.2,bemerkung,zwei-feinheiten-der-definition,src/chapters/02-algos/S24.mdx
2.4.3,beispiel,beispiel-2-4-3,src/chapters/02-algos/S24.mdx
2.4.4,lemma,rechenregeln-fuer-landau-symbole,src/chapters/02-algos/S24.mdx
2.4.5,beispiel,addition-und-multiplikation,src/chapters/02-algos/S24.mdx
2.4.6,beispiel,vereinfachung-eines-aufwandsausdrucks,src/chapters/02-algos/S24.mdx
2.4.1,sub,klein-o-und-gross-o,src/chapters/02-algos/S24.mdx
2.4.2,sub,rechenbeispiele,src/chapters/02-algos/S24.mdx
2.4.3,sub,rechenregeln,src/chapters/02-algos/S24.mdx
2.4.4,sub,anwendung-auf-den-dominanten-term,src/chapters/02-algos/S24.mdx
2.4.5,sub,landau-selbsttest,src/chapters/02-algos/S24.mdx
2.5.1,satz,komplexitaet-der-iterativen-variante,src/chapters/02-algos/S25.mdx
2.5.2,bemerkung,zaehlen-ist-konvention-die-ordnung-nicht,src/chapters/02-algos/S25.mdx
2.5.3,bemerkung,was-wird-hier-eigentlich-berechnet,src/chapters/02-algos/S25.mdx
2.5.4,lemma,rekurrenz-der-aufrufzahl,src/chapters/02-algos/S25.mdx
2.5.5,beispiel,der-aufrufbaum-fuer-n-5,src/chapters/02-algos/S25.mdx
2.5.6,satz,exponentielle-laufzeit-der-naiven,src/chapters/02-algos/S25.mdx
2.5.7,bemerkung,wie-schlimm-ist-es-wirklich,src/chapters/02-algos/S25.mdx
2.5.1,sub,die-iterative-variante-linearer-aufwand,src/chapters/02-algos/S25.mdx
2.5.2,sub,die-naive-rekursion-exponentieller,src/chapters/02-algos/S25.mdx
2.5.3,sub,der-vergleich-ordnung-schlaegt-konstante,src/chapters/02-algos/S25.mdx
3.1.1,bemerkung,spur-verwendete-vorkenntnisse,src/chapters/03-matrix-spur-norm/S31.mdx
3.1.10,satz,frobenius-norm-ueber-die-spur,src/chapters/03-matrix-spur-norm/S31.mdx
3.1.2,definition,spur,src/chapters/03-matrix-spur-norm/S31.mdx
3.1.3,beispiel,beispiel-3-1-3,src/chapters/03-matrix-spur-norm/S31.mdx
3.1.4,satz,eigenschaften-der-spur,src/chapters/03-matrix-spur-norm/S31.mdx
3.1.5,bemerkung,vorsicht-was-die-spur-nicht-kann,src/chapters/03-matrix-spur-norm/S31.mdx
3.1.6,beispiel,zyklische-vertauschung-in-der-statistik,src/chapters/03-matrix-spur-norm/S31.mdx
3.1.7,satz,spur-als-summe-der-eigenwerte,src/chapters/03-matrix-spur-norm/S31.mdx
3.1.8,definition,frobenius-norm,src/chapters/03-matrix-spur-norm/S31.mdx
3.1.9,bemerkung,bemerkung-3-1-9,src/chapters/03-matrix-spur-norm/S31.mdx
3.1.1,sub,definition-und-erste-beispiele,src/chapters/03-matrix-spur-norm/S31.mdx
3.1.2,sub,rechenregeln-und-zyklische-vertauschung,src/chapters/03-matrix-spur-norm/S31.mdx
3.1.3,sub,spur-und-eigenwerte,src/chapters/03-matrix-spur-norm/S31.mdx
3.1.4,sub,die-frobenius-norm,src/chapters/03-matrix-spur-norm/S31.mdx
3.2.1,definition,matrixnorm,src/chapters/03-matrix-spur-norm/S32.mdx
3.2.2,bemerkung,bemerkung-3-2-2,src/chapters/03-matrix-spur-norm/S32.mdx
3.2.3,definition,matrixnormen-vektorisierung,src/chapters/03-matrix-spur-norm/S32.mdx
3.2.4,satz,satz-3-2-4,src/chapters/03-matrix-spur-norm/S32.mdx
3.2.5,beispiel,vektorisierungsnormen,src/chapters/03-matrix-spur-norm/S32.mdx
3.2.6,beispiel,gleiche-frobenius-norm-voellig,src/chapters/03-matrix-spur-norm/S32.mdx
3.2.7,beispiel,identitaet-in-wachsender-dimension,src/chapters/03-matrix-spur-norm/S32.mdx
3.2.1,sub,warum-matrixnormen,src/chapters/03-matrix-spur-norm/S32.mdx
3.2.2,sub,die-axiome,src/chapters/03-matrix-spur-norm/S32.mdx
3.2.3,sub,matrixnormen-durch-vektorisierung,src/chapters/03-matrix-spur-norm/S32.mdx
3.2.4,sub,was-elementweise-normen-nicht-sehen,src/chapters/03-matrix-spur-norm/S32.mdx
3.3.1,definition,operatornorm,src/chapters/03-matrix-spur-norm/S33.mdx
3.3.2,bemerkung,bemerkung-3-3-2,src/chapters/03-matrix-spur-norm/S33.mdx
3.3.3,beispiel,visualisierung,src/chapters/03-matrix-spur-norm/S33.mdx
3.3.4,satz,induzierte-p-normen,src/chapters/03-matrix-spur-norm/S33.mdx
3.3.5,definition,operatornormen-orthogonalmatrix,src/chapters/03-matrix-spur-norm/S33.mdx
3.3.6,bemerkung,operatornormen-eigenschaften-von-orthogonalmatrizen,src/chapters/03-matrix-spur-norm/S33.mdx
3.3.7,satz,spektralnorm-und-spektralzerlegung,src/chapters/03-matrix-spur-norm/S33.mdx
3.3.8,beispiel,beispiel-3-3-8,src/chapters/03-matrix-spur-norm/S33.mdx
3.3.9,beispiel,identitaetsmatrix,src/chapters/03-matrix-spur-norm/S33.mdx
3.3.1,sub,definition-und-interpretation,src/chapters/03-matrix-spur-norm/S33.mdx
3.3.2,sub,die-wichtigsten-operatornormen,src/chapters/03-matrix-spur-norm/S33.mdx
3.3.3,sub,einschub-orthogonalmatrizen,src/chapters/03-matrix-spur-norm/S33.mdx
3.3.4,sub,spektralnorm-und-spektralzerlegung,src/chapters/03-matrix-spur-norm/S33.mdx
3.3.5,sub,beispiele,src/chapters/03-matrix-spur-norm/S33.mdx
3.4.1,definition,schatten-p-norm,src/chapters/03-matrix-spur-norm/S34.mdx
3.4.2,bemerkung,bemerkung-3-4-2,src/chapters/03-matrix-spur-norm/S34.mdx
3.4.3,satz,frobenius-norm-und-spur,src/chapters/03-matrix-spur-norm/S34.mdx
3.4.4,korollar,spezialfaelle-der-schatten-p-norm,src/chapters/03-matrix-spur-norm/S34.mdx
3.4.5,bemerkung,nuklearnorm-und-niedrigrang-probleme,src/chapters/03-matrix-spur-norm/S34.mdx
3.4.6,beispiel,beispiel-3-4-6,src/chapters/03-matrix-spur-norm/S34.mdx
3.4.7,satz,unitaere-invarianz,src/chapters/03-matrix-spur-norm/S34.mdx
3.4.8,bemerkung,namensgeber-und-anwendung,src/chapters/03-matrix-spur-norm/S34.mdx
3.4.1,sub,von-eigenwerten-zu-singulaerwerten,src/chapters/03-matrix-spur-norm/S34.mdx
3.4.2,sub,die-drei-wichtigen-spezialfaelle,src/chapters/03-matrix-spur-norm/S34.mdx
3.4.3,sub,unitaere-invarianz,src/chapters/03-matrix-spur-norm/S34.mdx
3.5.1,satz,alle-matrixnormen-sind-aequivalent,src/chapters/03-matrix-spur-norm/S35.mdx
3.5.10,definition,eigenschaften-konditionszahl-einer-matrix,src/chapters/03-matrix-spur-norm/S35.mdx
3.5.11,bemerkung,interpretation-der-konditionszahl,src/chapters/03-matrix-spur-norm/S35.mdx
3.5.12,satz,rueckwaertsfehler-beim-linearen,src/chapters/03-matrix-spur-norm/S35.mdx
3.5.2,beispiel,explizite-aequivalenzkonstanten,src/chapters/03-matrix-spur-norm/S35.mdx
3.5.3,bemerkung,aequivalenz-ist-nicht-gleichheit,src/chapters/03-matrix-spur-norm/S35.mdx
3.5.4,definition,submultiplikative-matrixnorm,src/chapters/03-matrix-spur-norm/S35.mdx
3.5.5,satz,operatornormen-sind-submultiplikativ,src/chapters/03-matrix-spur-norm/S35.mdx
3.5.6,beispiel,die-maximumsnorm-ist-nicht,src/chapters/03-matrix-spur-norm/S35.mdx
3.5.7,bemerkung,reparatur-die-gesamtnorm,src/chapters/03-matrix-spur-norm/S35.mdx
3.5.8,definition,vertraegliche-norm,src/chapters/03-matrix-spur-norm/S35.mdx
3.5.9,satz,wichtige-vertraeglichkeiten,src/chapters/03-matrix-spur-norm/S35.mdx
3.5.1,sub,normenaequivalenz,src/chapters/03-matrix-spur-norm/S35.mdx
3.5.2,sub,submultiplikativitaet,src/chapters/03-matrix-spur-norm/S35.mdx
3.5.3,sub,vertraeglichkeit-von-normen,src/chapters/03-matrix-spur-norm/S35.mdx
3.5.4,sub,matrixnormen-und-konditionierung,src/chapters/03-matrix-spur-norm/S35.mdx
3.5.5,sub,normen-in-der-fehleranalyse,src/chapters/03-matrix-spur-norm/S35.mdx
3.6.1,bemerkung,ausblick-normen-als-regularisierer,src/chapters/03-matrix-spur-norm/S36.mdx
4.1.1,bemerkung,fehlermasse-verwendete-vorkenntnisse,src/chapters/04-fehler/S41.mdx
4.1.2,definition,fehlermass,src/chapters/04-fehler/S41.mdx
4.1.3,lemma,fehlerschranken,src/chapters/04-fehler/S41.mdx
4.1.4,beispiel,fehlermasse-fuer-vektoren,src/chapters/04-fehler/S41.mdx
4.1.5,bemerkung,stabilitaet-und-kondition-ausblick,src/chapters/04-fehler/S41.mdx
4.1.6,beispiel,fehlerzerlegung-berechnung-von-e,src/chapters/04-fehler/S41.mdx
4.1.1,eq,eq-4-1-1,src/chapters/04-fehler/S41.mdx
4.1.1,sub,absolute-und-relative-fehler,src/chapters/04-fehler/S41.mdx
4.1.2,sub,fehlermasse-und-fehlerschranken,src/chapters/04-fehler/S41.mdx
4.1.3,sub,fehlerzerlegung,src/chapters/04-fehler/S41.mdx
4.2.1,beispiel,kehrwert-nahe-null,src/chapters/04-fehler/S42.mdx
4.2.2,definition,konditionszahl,src/chapters/04-fehler/S42.mdx
4.2.3,bemerkung,wie-lesen-wir-das,src/chapters/04-fehler/S42.mdx
4.2.4,bemerkung,interpretation,src/chapters/04-fehler/S42.mdx
4.2.5,beispiel,der-kehrwert-aufgeloest,src/chapters/04-fehler/S42.mdx
4.2.6,satz,kondition-der-loesung-eines-lgs,src/chapters/04-fehler/S42.mdx
4.2.7,bemerkung,kondition-konditionszahl-einer-matrix,src/chapters/04-fehler/S42.mdx
4.2.8,beispiel,aufgabe-kondition-der-summe,src/chapters/04-fehler/S42.mdx
4.2.1,sub,ein-warnbeispiel-der-kehrwert,src/chapters/04-fehler/S42.mdx
4.2.2,sub,konditionszahlen,src/chapters/04-fehler/S42.mdx
4.2.3,sub,kondition-eines-linearen,src/chapters/04-fehler/S42.mdx
4.2.4,sub,aufgabe-die-kondition-einer-summe,src/chapters/04-fehler/S42.mdx
4.3.1,definition,vorwaerts-und-rueckwaertsstabilitaet,src/chapters/04-fehler/S43.mdx
4.3.2,beispiel,stochastic-gradient-descent,src/chapters/04-fehler/S43.mdx
4.3.3,satz,fehlerfortpflanzung-in-einer-komposition,src/chapters/04-fehler/S43.mdx
4.3.4,bemerkung,was-folgt-daraus-und-was-nicht,src/chapters/04-fehler/S43.mdx
4.3.5,beispiel,zwei-algorithmen-fuer-die-varianz,src/chapters/04-fehler/S43.mdx
4.3.6,lemma,kondition-der-differenz,src/chapters/04-fehler/S43.mdx
4.3.7,beispiel,die-instabilitaet-in-r,src/chapters/04-fehler/S43.mdx
4.4.1,bemerkung,faustregel-mit-der-einschraenkung-aus,src/chapters/04-fehler/S44.mdx
5.1.1,bemerkung,kondition-der-grundoperationen,src/chapters/05-lgs/S51.mdx
5.1.2,bemerkung,warum-wir-trotzdem-mit-o-nmk-rechnen,src/chapters/05-lgs/S51.mdx
5.2.1,bemerkung,fuer-ein-lgs-keine-explizite-inverse,src/chapters/05-lgs/S52.mdx
5.2.2,algorithmus,gauss-elimination-mit-partieller,src/chapters/05-lgs/S52.mdx
5.2.1,eq,gauss-elimination-mit-partieller,src/chapters/05-lgs/S52.mdx
5.3.1,definition,lu-zerlegung,src/chapters/05-lgs/S53.mdx
5.3.10,satz,komplexitaet-der-lu-zerlegung,src/chapters/05-lgs/S53.mdx
5.3.11,bemerkung,struktur-ausnutzen,src/chapters/05-lgs/S53.mdx
5.3.2,bemerkung,merkregel-ein-lgs-zwei-dreieckssysteme,src/chapters/05-lgs/S53.mdx
5.3.3,satz,die-gauss-elimination-liefert-eine-lu,src/chapters/05-lgs/S53.mdx
5.3.4,beispiel,lu-zerlegung-einer-3-3-matrix,src/chapters/05-lgs/S53.mdx
5.3.5,satz,existenz-der-lu-zerlegung,src/chapters/05-lgs/S53.mdx
5.3.6,beispiel,invertierbar-aber-keine-lu-zerlegung,src/chapters/05-lgs/S53.mdx
5.3.7,algorithmus,loesen-von-ax-b-mit-der-lu-zerlegung,src/chapters/05-lgs/S53.mdx
5.3.8,beispiel,fortsetzung-loesen-mit-der-zerlegung,src/chapters/05-lgs/S53.mdx
5.3.9,bemerkung,eine-zerlegung-viele-rechte-seiten,src/chapters/05-lgs/S53.mdx
5.3.1,eq,eq-5-3-1,src/chapters/05-lgs/S53.mdx
5.3.2,eq,die-gauss-elimination-liefert-eine-lu,src/chapters/05-lgs/S53.mdx
5.4.1,definition,spd-matrix,src/chapters/05-lgs/S54.mdx
5.4.2,satz,cholesky-zerlegung,src/chapters/05-lgs/S54.mdx
5.4.3,beispiel,cholesky-zerlegung-einer-2-2-matrix,src/chapters/05-lgs/S54.mdx
5.4.4,satz,kovarianz-unter-dem-cholesky-faktor,src/chapters/05-lgs/S54.mdx
5.4.5,bemerkung,ziehen-aus-der-multivariaten,src/chapters/05-lgs/S54.mdx
5.4.1,eq,cholesky-zerlegung,src/chapters/05-lgs/S54.mdx
5.4.2,eq,eq-5-4-2,src/chapters/05-lgs/S54.mdx
5.5.1,bemerkung,fazit,src/chapters/05-lgs/S55.mdx
6.1.1,bemerkung,wo-die-diagonalisierung-aufhoert,src/chapters/06-svd/S61.mdx
6.1.2,beispiel,der-einheitskreis-wird-zur-ellipse,src/chapters/06-svd/S61.mdx
6.1.3,satz,streckung-als-quadratische-form,src/chapters/06-svd/S61.mdx
6.1.4,bemerkung,notation,src/chapters/06-svd/S61.mdx
6.1.1,eq,eq-6-1-1,src/chapters/06-svd/S61.mdx
6.1.2,eq,eq-6-1-2,src/chapters/06-svd/S61.mdx
6.1.3,eq,streckung-als-quadratische-form,src/chapters/06-svd/S61.mdx
6.2.1,satz,eigenschaften-von-a-a,src/chapters/06-svd/S62.mdx
6.2.10,bemerkung,singulaervektoren-sind-nicht-eindeutig,src/chapters/06-svd/S62.mdx
6.2.11,satz,charakterisierung-der-fundamentalen,src/chapters/06-svd/S62.mdx
6.2.12,beispiel,alle-unterraeume-einer-rang-1-matrix,src/chapters/06-svd/S62.mdx
6.2.13,satz,singulaerwertzerlegung,src/chapters/06-svd/S62.mdx
6.2.14,beispiel,die-gestalt-von,src/chapters/06-svd/S62.mdx
6.2.15,bemerkung,merkregel-drehen-strecken-drehen,src/chapters/06-svd/S62.mdx
6.2.2,korollar,a-a-ist-orthogonal-diagonalisierbar,src/chapters/06-svd/S62.mdx
6.2.3,beispiel,die-matrix-a-a-einer-3-2-matrix,src/chapters/06-svd/S62.mdx
6.2.4,definition,singulaerwerte,src/chapters/06-svd/S62.mdx
6.2.5,bemerkung,singulaerwerte-sind-streckungsfaktoren,src/chapters/06-svd/S62.mdx
6.2.6,beispiel,singulaerwerte-der-beispielmatrix,src/chapters/06-svd/S62.mdx
6.2.7,definition,rechte-und-linke-singulaervektoren,src/chapters/06-svd/S62.mdx
6.2.8,satz,orthogonalitaet-der-singulaervektoren,src/chapters/06-svd/S62.mdx
6.2.9,beispiel,singulaervektoren-der-beispielmatrix,src/chapters/06-svd/S62.mdx
6.2.1,eq,eq-6-2-1,src/chapters/06-svd/S62.mdx
6.2.2,eq,rechte-und-linke-singulaervektoren,src/chapters/06-svd/S62.mdx
6.2.3,eq,singulaerwertzerlegung,src/chapters/06-svd/S62.mdx
6.2.4,eq,singulaerwertzerlegung-2,src/chapters/06-svd/S62.mdx
6.3.1,satz,reduzierte-darstellung,src/chapters/06-svd/S63.mdx
6.3.10,bemerkung,voller-spaltenrang-eine-geschlossene,src/chapters/06-svd/S63.mdx
6.3.11,beispiel,pseudoinverse-der-beispielmatrix,src/chapters/06-svd/S63.mdx
6.3.12,bemerkung,ausblick-kleinste-quadrate,src/chapters/06-svd/S63.mdx
6.3.2,definition,reduzierte-svd,src/chapters/06-svd/S63.mdx
6.3.3,bemerkung,was-die-reduzierte-form-spart-und-was,src/chapters/06-svd/S63.mdx
6.3.4,beispiel,reduzierte-svd-einer-rang-1-matrix,src/chapters/06-svd/S63.mdx
6.3.5,definition,moore-penrose-pseudoinverse,src/chapters/06-svd/S63.mdx
6.3.6,bemerkung,zum-bau-der-pseudoinversen,src/chapters/06-svd/S63.mdx
6.3.7,beispiel,fortsetzung-die-pseudoinverse-der-rang-1,src/chapters/06-svd/S63.mdx
6.3.8,satz,eigenschaften-der-pseudoinversen,src/chapters/06-svd/S63.mdx
6.3.9,korollar,spezialfaelle,src/chapters/06-svd/S63.mdx
6.3.1,eq,eq-6-3-1,src/chapters/06-svd/S63.mdx
6.3.2,eq,eq-6-3-2,src/chapters/06-svd/S63.mdx
6.3.3,eq,reduzierte-darstellung,src/chapters/06-svd/S63.mdx
6.3.4,eq,was-die-reduzierte-form-spart-und-was,src/chapters/06-svd/S63.mdx
6.3.5,eq,moore-penrose-pseudoinverse,src/chapters/06-svd/S63.mdx
6.3.6,eq,voller-spaltenrang-eine-geschlossene,src/chapters/06-svd/S63.mdx
6.4.1,satz,spektralnorm-und-groesster-singulaerwert,src/chapters/06-svd/S64.mdx
6.4.10,beispiel,eine-duenn-besetzte-bewertungsmatrix,src/chapters/06-svd/S64.mdx
6.4.11,algorithmus,empfehlungen-ueber-eine-rang-k,src/chapters/06-svd/S64.mdx
6.4.12,bemerkung,was-die-faktoren-bedeuten,src/chapters/06-svd/S64.mdx
6.4.13,bemerkung,staerken-schwaechen-ausblick,src/chapters/06-svd/S64.mdx
6.4.14,bemerkung,ideale-situationen-fuer-die-svd,src/chapters/06-svd/S64.mdx
6.4.15,bemerkung,rechenaufwand,src/chapters/06-svd/S64.mdx
6.4.2,satz,summenform-der-svd,src/chapters/06-svd/S64.mdx
6.4.3,definition,rang-k-approximation,src/chapters/06-svd/S64.mdx
6.4.4,satz,eckart-und-young-beste-approximation-von,src/chapters/06-svd/S64.mdx
6.4.5,bemerkung,was-der-satz-liefert-und-was-nicht,src/chapters/06-svd/S64.mdx
6.4.6,bemerkung,drei-kriterien-fuer-die-wahl-von-k,src/chapters/06-svd/S64.mdx
6.4.7,bemerkung,typische-singulaerwert-verlaeufe-und-der,src/chapters/06-svd/S64.mdx
6.4.8,beispiel,ein-bild-mit-659-512-pixeln,src/chapters/06-svd/S64.mdx
6.4.9,algorithmus,kompression-mit-der-svd,src/chapters/06-svd/S64.mdx
6.4.1,eq,spektralnorm-und-groesster-singulaerwert,src/chapters/06-svd/S64.mdx
6.4.2,eq,summenform-der-svd,src/chapters/06-svd/S64.mdx
6.4.3,eq,rang-k-approximation,src/chapters/06-svd/S64.mdx
6.4.4,eq,eckart-und-young-beste-approximation-von,src/chapters/06-svd/S64.mdx
6.5.1,bemerkung,die-fuenf-kernkonzepte,src/chapters/06-svd/S65.mdx
6.5.2,beispiel,der-umweg-ueber-a-a,src/chapters/06-svd/S65.mdx
7.1.1,definition,kleinste-quadrate-problem-kq-problem,src/chapters/07-kq/S71.mdx
7.1.2,bemerkung,bemerkung-7-1-2,src/chapters/07-kq/S71.mdx
7.1.3,beispiel,lineare-regression,src/chapters/07-kq/S71.mdx
7.1.4,satz,kq-loesung-als-projektion,src/chapters/07-kq/S71.mdx
7.1.5,satz,problem-normalengleichungen,src/chapters/07-kq/S71.mdx
7.1.6,bemerkung,analysis-perspektive,src/chapters/07-kq/S71.mdx
7.1.7,satz,eindeutige-loesung-bei-vollem,src/chapters/07-kq/S71.mdx
7.1.8,beispiel,rechenbeispiel-regressionsgerade-durch,src/chapters/07-kq/S71.mdx
7.1.1,eq,problem-normalengleichungen,src/chapters/07-kq/S71.mdx
7.2.1,definition,definition-7-2-1,src/chapters/07-kq/S72.mdx
7.2.2,bemerkung,bemerkung-7-2-2,src/chapters/07-kq/S72.mdx
7.2.3,satz,satz-7-2-3,src/chapters/07-kq/S72.mdx
7.2.4,satz,stoerung-der-designmatrix-erste-ordnung,src/chapters/07-kq/S72.mdx
7.2.5,bemerkung,bemerkung-7-2-5,src/chapters/07-kq/S72.mdx
7.3.1,satz,normalengleichungen-normalengleichungen,src/chapters/07-kq/S73.mdx
7.3.2,bemerkung,geometrische-deutung,src/chapters/07-kq/S73.mdx
7.3.3,bemerkung,merkregel,src/chapters/07-kq/S73.mdx
7.3.4,lemma,lemma-7-3-4,src/chapters/07-kq/S73.mdx
7.3.5,algorithmus,cholesky-verfahren-fuer-das-kq-problem,src/chapters/07-kq/S73.mdx
7.3.6,beispiel,beispiel-7-3-6,src/chapters/07-kq/S73.mdx
7.3.7,bemerkung,stabilitaet-des-cholesky-verfahrens,src/chapters/07-kq/S73.mdx
7.3.1,sub,die-normalengleichungen,src/chapters/07-kq/S73.mdx
7.3.2,sub,warum-wir-niemals-invertieren,src/chapters/07-kq/S73.mdx
7.3.3,sub,das-cholesky-verfahren,src/chapters/07-kq/S73.mdx
7.3.4,sub,effizient-aber-moeglicherweise-instabil,src/chapters/07-kq/S73.mdx
7.3.5,sub,alternative-loesungswege-orthogonale,src/chapters/07-kq/S73.mdx
7.4.1,definition,qr-orthogonalmatrix,src/chapters/07-kq/S74.mdx
7.4.2,lemma,qr-eigenschaften-von-orthogonalmatrizen,src/chapters/07-kq/S74.mdx
7.4.3,bemerkung,bemerkung-7-4-3,src/chapters/07-kq/S74.mdx
7.4.4,definition,qr-zerlegung,src/chapters/07-kq/S74.mdx
7.4.5,bemerkung,bemerkung-7-4-5,src/chapters/07-kq/S74.mdx
7.4.6,beispiel,qr-zerlegung-via-gram-schmidt,src/chapters/07-kq/S74.mdx
7.4.7,satz,kq-loesung-ueber-die-qr-zerlegung,src/chapters/07-kq/S74.mdx
7.5.1,definition,givens-rotation-definition,src/chapters/07-kq/S75.mdx
7.5.10,bemerkung,givens-householder-aufwand,src/chapters/07-kq/S75.mdx
7.5.2,satz,wahl-von-c-und-s,src/chapters/07-kq/S75.mdx
7.5.3,beispiel,givens-rotation-beispiel,src/chapters/07-kq/S75.mdx
7.5.4,bemerkung,wann-givens,src/chapters/07-kq/S75.mdx
7.5.5,definition,householder-spiegelung-definition,src/chapters/07-kq/S75.mdx
7.5.6,satz,symmetrie-und-orthogonalitaet,src/chapters/07-kq/S75.mdx
7.5.7,satz,wahl-des-spiegelvektors,src/chapters/07-kq/S75.mdx
7.5.8,beispiel,householder-spiegelung-beispiel,src/chapters/07-kq/S75.mdx
7.5.9,bemerkung,vorzeichenwahl,src/chapters/07-kq/S75.mdx
7.6.1,satz,svd-loesung-des-kq-problems,src/chapters/07-kq/S76.mdx
7.6.2,beispiel,rangdefizientes-kq-problem,src/chapters/07-kq/S76.mdx
7.6.3,bemerkung,anmerkungen-zur-methodenwahl,src/chapters/07-kq/S76.mdx
7.6.1,eq,svd-loesung-des-kq-problems,src/chapters/07-kq/S76.mdx
8.1.1,bemerkung,warum-das-charakteristische-polynom-kein,src/chapters/08-la-misc/S81.mdx
8.1.10,algorithmus,qr-iteration,src/chapters/08-la-misc/S81.mdx
8.1.11,satz,die-iterierten-sind-aehnlich-zu-a,src/chapters/08-la-misc/S81.mdx
8.1.12,satz,die-qr-iteration-zerlegt-die-potenzen,src/chapters/08-la-misc/S81.mdx
8.1.13,bemerkung,die-qr-iteration-ist-eine-simultane,src/chapters/08-la-misc/S81.mdx
8.1.14,bemerkung,wogegen-die-qr-iteration-konvergiert,src/chapters/08-la-misc/S81.mdx
8.1.15,beispiel,qr-iteration-an-der-beispielmatrix,src/chapters/08-la-misc/S81.mdx
8.1.16,bemerkung,kondition-von-eigenwertproblemen,src/chapters/08-la-misc/S81.mdx
8.1.17,bemerkung,eigenwerte-aufwand,src/chapters/08-la-misc/S81.mdx
8.1.2,algorithmus,potenzmethode,src/chapters/08-la-misc/S81.mdx
8.1.3,bemerkung,zwei-schaetzungen-fuer-den-eigenwert,src/chapters/08-la-misc/S81.mdx
8.1.4,satz,konvergenz-der-potenzmethode,src/chapters/08-la-misc/S81.mdx
8.1.5,beispiel,potenzmethode-an-einer-2-2-matrix,src/chapters/08-la-misc/S81.mdx
8.1.6,bemerkung,wann-die-potenzmethode-versagt,src/chapters/08-la-misc/S81.mdx
8.1.7,satz,aehnliche-matrizen-haben-dieselben,src/chapters/08-la-misc/S81.mdx
8.1.8,beispiel,diagonalisierung-durch-eine,src/chapters/08-la-misc/S81.mdx
8.1.9,bemerkung,welche-zielgestalt-welches-verfahren,src/chapters/08-la-misc/S81.mdx
8.1.1,eq,eq-8-1-1,src/chapters/08-la-misc/S81.mdx
8.1.2,eq,die-iterierten-sind-aehnlich-zu-a,src/chapters/08-la-misc/S81.mdx
8.1.3,eq,die-qr-iteration-zerlegt-die-potenzen,src/chapters/08-la-misc/S81.mdx
8.2.1,bemerkung,warum-ausgerechnet-der-eigenwert-1,src/chapters/08-la-misc/S82.mdx
8.2.2,bemerkung,warum-iterativ-die-lanczos-abkuerzung,src/chapters/08-la-misc/S82.mdx
8.3.1,definition,residuum,src/chapters/08-la-misc/S83.mdx
8.3.10,bemerkung,gesamtaufwand,src/chapters/08-la-misc/S83.mdx
8.3.11,beispiel,richardson-iteration,src/chapters/08-la-misc/S83.mdx
8.3.12,bemerkung,was-iterative-verfahren-leisten,src/chapters/08-la-misc/S83.mdx
8.3.2,bemerkung,verwandtschaft-mit-dem-gradientenabstieg,src/chapters/08-la-misc/S83.mdx
8.3.3,definition,korrekturiteration,src/chapters/08-la-misc/S83.mdx
8.3.4,bemerkung,fixpunktform,src/chapters/08-la-misc/S83.mdx
8.3.5,satz,konvergenz-der-korrekturiteration,src/chapters/08-la-misc/S83.mdx
8.3.6,korollar,zahl-der-iterationen,src/chapters/08-la-misc/S83.mdx
8.3.7,bemerkung,zwei-anforderungen-an-c,src/chapters/08-la-misc/S83.mdx
8.3.8,algorithmus,drei-klassische-wahlen-von-c,src/chapters/08-la-misc/S83.mdx
8.3.9,beispiel,die-drei-wahlen-an-einem-2-2-system,src/chapters/08-la-misc/S83.mdx
8.3.1,eq,korrekturiteration,src/chapters/08-la-misc/S83.mdx
8.3.2,eq,fixpunktform,src/chapters/08-la-misc/S83.mdx
8.3.3,eq,konvergenz-der-korrekturiteration,src/chapters/08-la-misc/S83.mdx
8.3.4,eq,zahl-der-iterationen,src/chapters/08-la-misc/S83.mdx
8.4.1,bemerkung,hauptidee-der-randomisierung,src/chapters/08-la-misc/S84.mdx
8.4.10,bemerkung,ein-fester-vektor-ist-nicht-jeder-vektor,src/chapters/08-la-misc/S84.mdx
8.4.11,beispiel,gauss-rademacher-subsampling,src/chapters/08-la-misc/S84.mdx
8.4.12,bemerkung,wo-skizzen-helfen,src/chapters/08-la-misc/S84.mdx
8.4.13,algorithmus,sketching-fuer-ein-kq-problem,src/chapters/08-la-misc/S84.mdx
8.4.14,beispiel,dimensionsreduktion-mit-matrix-sketching,src/chapters/08-la-misc/S84.mdx
8.4.15,bemerkung,zwei-nachtraege-zur-rechnung,src/chapters/08-la-misc/S84.mdx
8.4.2,satz,zufallsrichtungen-stehen-fast-senkrecht,src/chapters/08-la-misc/S84.mdx
8.4.3,beispiel,wie-senkrecht-ist-fast-senkrecht,src/chapters/08-la-misc/S84.mdx
8.4.4,definition,sketching-matrix-und-skizze,src/chapters/08-la-misc/S84.mdx
8.4.5,beispiel,sketching-zweier-vektoren-mit-10-000,src/chapters/08-la-misc/S84.mdx
8.4.6,satz,zufaellige-einbettung-eines-festen,src/chapters/08-la-misc/S84.mdx
8.4.7,bemerkung,warum-die-momentenbedingung-an-der,src/chapters/08-la-misc/S84.mdx
8.4.8,bemerkung,von-quadraten-zu-laengen-und-abstaenden,src/chapters/08-la-misc/S84.mdx
8.4.9,korollar,skalarprodukte-bleiben-erhalten,src/chapters/08-la-misc/S84.mdx
8.4.1,eq,eq-8-4-1,src/chapters/08-la-misc/S84.mdx
8.4.2,eq,zufaellige-einbettung-eines-festen,src/chapters/08-la-misc/S84.mdx
8.4.3,eq,zufaellige-einbettung-eines-festen-2,src/chapters/08-la-misc/S84.mdx
8.4.4,eq,zufaellige-einbettung-eines-festen-3,src/chapters/08-la-misc/S84.mdx
8.4.5,eq,dimensionsreduktion-mit-matrix-sketching,src/chapters/08-la-misc/S84.mdx
8.5.1,bemerkung,die-drei-kernideen,src/chapters/08-la-misc/S85.mdx
8.5.2,bemerkung,zwei-regler-und-ihre-preise,src/chapters/08-la-misc/S85.mdx
9.1.1,definition,multilineare-abbildung,src/chapters/09-tensoren/S91.mdx
9.1.2,bemerkung,bilinear-und-eine-warnung,src/chapters/09-tensoren/S91.mdx
9.1.3,beispiel,flaeche-eines-rechtecks,src/chapters/09-tensoren/S91.mdx
9.1.4,bemerkung,das-vierfache-geometrisch-gelesen,src/chapters/09-tensoren/S91.mdx
9.1.5,beispiel,multiplikation-reeller-zahlen,src/chapters/09-tensoren/S91.mdx
9.1.6,beispiel,skalarprodukte-sind-bilinear,src/chapters/09-tensoren/S91.mdx
9.1.7,beispiel,matrizenmultiplikation-als-bilineare,src/chapters/09-tensoren/S91.mdx
9.1.8,satz,darstellung-multilinearer-abbildungen,src/chapters/09-tensoren/S91.mdx
9.1.9,bemerkung,woher-die-koeffizienten-kommen,src/chapters/09-tensoren/S91.mdx
9.1.1,eq,darstellung-multilinearer-abbildungen,src/chapters/09-tensoren/S91.mdx
9.2.1,bemerkung,von-der-koeffizientenfamilie-zur-matrix,src/chapters/09-tensoren/S92.mdx
9.2.10,bemerkung,was-an-einer-faltungsschicht-linear-ist,src/chapters/09-tensoren/S92.mdx
9.2.11,bemerkung,warum-tensoren-eigene-rechenwerke,src/chapters/09-tensoren/S92.mdx
9.2.2,beispiel,eine-bilineare-abbildung-auf-r2-mal-r2,src/chapters/09-tensoren/S92.mdx
9.2.3,definition,tensor,src/chapters/09-tensoren/S92.mdx
9.2.4,bemerkung,stufe-und-warum-eine-menge-es-nicht-tut,src/chapters/09-tensoren/S92.mdx
9.2.5,satz,der-raum-aller-tensoren-eines-formats,src/chapters/09-tensoren/S92.mdx
9.2.6,bemerkung,stufe-und-dimension-sind-zwei,src/chapters/09-tensoren/S92.mdx
9.2.7,beispiel,ein-farbbild-als-tensor-der-stufe-3,src/chapters/09-tensoren/S92.mdx
9.2.8,beispiel,ein-stapel-bilder-als-tensor-der-stufe-4,src/chapters/09-tensoren/S92.mdx
9.2.9,beispiel,feature-maps-eine-abbildung-von-tensoren,src/chapters/09-tensoren/S92.mdx
9.2.1,eq,eq-9-2-1,src/chapters/09-tensoren/S92.mdx
9.3.1,definition,aeusseres-produkt,src/chapters/09-tensoren/S93.mdx
9.3.10,satz,das-tensorprodukt-ist-bilinear,src/chapters/09-tensoren/S93.mdx
9.3.11,beispiel,tensorprodukt-dreier-vektoren,src/chapters/09-tensoren/S93.mdx
9.3.12,definition,kroneckerprodukt,src/chapters/09-tensoren/S93.mdx
9.3.13,bemerkung,zwei-bedeutungen-zwei-zeichen,src/chapters/09-tensoren/S93.mdx
9.3.14,beispiel,kroneckerprodukt-zweier-kleiner-matrizen,src/chapters/09-tensoren/S93.mdx
9.3.15,bemerkung,transponieren-und-reihenfolge,src/chapters/09-tensoren/S93.mdx
9.3.16,beispiel,s-k-i-n-verteilt-die-eintraege,src/chapters/09-tensoren/S93.mdx
9.3.17,beispiel,i-n-k-s-ist-blockdiagonal,src/chapters/09-tensoren/S93.mdx
9.3.18,definition,separierbare-kovarianz,src/chapters/09-tensoren/S93.mdx
9.3.19,beispiel,zwei-orte-zwei-zeitpunkte,src/chapters/09-tensoren/S93.mdx
9.3.2,bemerkung,inneres-und-aeusseres-produkt,src/chapters/09-tensoren/S93.mdx
9.3.20,bemerkung,was-die-annahme-spart-und-was-sie-kostet,src/chapters/09-tensoren/S93.mdx
9.3.3,beispiel,aeusseres-produkt-zweier-vektoren,src/chapters/09-tensoren/S93.mdx
9.3.4,satz,eigenschaften-des-aeusseren-produkts,src/chapters/09-tensoren/S93.mdx
9.3.5,bemerkung,die-svd-als-summe-aeusserer-produkte,src/chapters/09-tensoren/S93.mdx
9.3.6,bemerkung,kovarianzmatrizen-sind-mittel-aeusserer,src/chapters/09-tensoren/S93.mdx
9.3.7,bemerkung,attention-skalarprodukte-in-massen,src/chapters/09-tensoren/S93.mdx
9.3.8,definition,tensorprodukt,src/chapters/09-tensoren/S93.mdx
9.3.9,bemerkung,stufen-addieren-sich-eintraege,src/chapters/09-tensoren/S93.mdx
9.3.1,eq,aeusseres-produkt,src/chapters/09-tensoren/S93.mdx
9.3.2,eq,tensorprodukt,src/chapters/09-tensoren/S93.mdx
9.3.3,eq,zwei-bedeutungen-zwei-zeichen,src/chapters/09-tensoren/S93.mdx
9.3.4,eq,separierbare-kovarianz,src/chapters/09-tensoren/S93.mdx
9.4.1,definition,tensorprodukt-von-vektorraeumen,src/chapters/09-tensoren/S94.mdx
9.4.10,bemerkung,eine-feinheit,src/chapters/09-tensoren/S94.mdx
9.4.11,beispiel,die-tensorproduktbasis-von-p-p,src/chapters/09-tensoren/S94.mdx
9.4.12,beispiel,eine-bivariate-funktion-in-dieser-basis,src/chapters/09-tensoren/S94.mdx
9.4.13,bemerkung,was-der-produktbau-bedeutet,src/chapters/09-tensoren/S94.mdx
9.4.14,bemerkung,allgemeine-dimension-und-was-sie-kostet,src/chapters/09-tensoren/S94.mdx
9.4.2,bemerkung,rechenregeln-aus-der-bilinearitaet,src/chapters/09-tensoren/S94.mdx
9.4.3,bemerkung,warum-die-universelle-eigenschaft,src/chapters/09-tensoren/S94.mdx
9.4.4,beispiel,das-tensorprodukt-von-und,src/chapters/09-tensoren/S94.mdx
9.4.5,beispiel,drei-faktoren,src/chapters/09-tensoren/S94.mdx
9.4.6,beispiel,die-einheitsmatrix-ist-kein-elementarer,src/chapters/09-tensoren/S94.mdx
9.4.7,satz,jede-matrix-ist-eine-kurze-summe,src/chapters/09-tensoren/S94.mdx
9.4.8,bemerkung,die-svd-liefert-sogar-die-kuerzeste,src/chapters/09-tensoren/S94.mdx
9.4.9,satz,tensorproduktbasis,src/chapters/09-tensoren/S94.mdx
9.4.1,eq,tensorprodukt-von-vektorraeumen,src/chapters/09-tensoren/S94.mdx
9.4.2,eq,tensorproduktbasis,src/chapters/09-tensoren/S94.mdx
9.4.3,eq,eq-9-4-3,src/chapters/09-tensoren/S94.mdx
9.5.1,bemerkung,sechs-begriffe-die-bleiben,src/chapters/09-tensoren/S95.mdx
9.5.2,definition,zusammenfassung-vektorisierung,src/chapters/09-tensoren/S95.mdx
9.5.3,satz,vektorisierung-eines-matrixprodukts,src/chapters/09-tensoren/S95.mdx
9.5.4,beispiel,die-identitaet-an-2-2-matrizen,src/chapters/09-tensoren/S95.mdx
9.5.1,eq,vektorisierung-eines-matrixprodukts,src/chapters/09-tensoren/S95.mdx
10.1.1,definition,differenzierbarkeit,src/chapters/10-differentialrechnung/S101.mdx
10.1.2,bemerkung,wenn-es-keine-eindeutige-tangente-gibt,src/chapters/10-differentialrechnung/S101.mdx
10.1.3,satz,ableitung-als-lineare-approximation,src/chapters/10-differentialrechnung/S101.mdx
10.1.4,bemerkung,was-hier-eigentlich-linear-ist,src/chapters/10-differentialrechnung/S101.mdx
10.1.5,definition,frechet-ableitung,src/chapters/10-differentialrechnung/S101.mdx
10.1.6,bemerkung,linearisierung-wie-die-definition-zu-lesen-ist,src/chapters/10-differentialrechnung/S101.mdx
10.1.7,beispiel,frechet-ableitung-von-f-x-x,src/chapters/10-differentialrechnung/S101.mdx
10.1.8,bemerkung,ausblick-andere-ableitungsbegriffe,src/chapters/10-differentialrechnung/S101.mdx
10.1.1,eq,differenzierbarkeit,src/chapters/10-differentialrechnung/S101.mdx
10.1.2,eq,frechet-ableitung,src/chapters/10-differentialrechnung/S101.mdx
10.2.1,definition,gradient,src/chapters/10-differentialrechnung/S102.mdx
10.2.10,algorithmus,gradient-gradientenabstieg,src/chapters/10-differentialrechnung/S102.mdx
10.2.11,bemerkung,warum-in-gleichung-10-2-4-ein,src/chapters/10-differentialrechnung/S102.mdx
10.2.2,bemerkung,zeilenvektor-nicht-spaltenvektor,src/chapters/10-differentialrechnung/S102.mdx
10.2.3,definition,richtungsableitung,src/chapters/10-differentialrechnung/S102.mdx
10.2.4,satz,richtung-des-staerksten-anstiegs,src/chapters/10-differentialrechnung/S102.mdx
10.2.5,bemerkung,der-gradient-steht-senkrecht-auf-der,src/chapters/10-differentialrechnung/S102.mdx
10.2.6,beispiel,gradient-einer-quadratischen-funktion,src/chapters/10-differentialrechnung/S102.mdx
10.2.7,beispiel,gradient-einer-linearen-funktion,src/chapters/10-differentialrechnung/S102.mdx
10.2.8,satz,gradient-der-quadratischen-form,src/chapters/10-differentialrechnung/S102.mdx
10.2.9,bemerkung,drei-nachtraege-zu-satz-10-2-8,src/chapters/10-differentialrechnung/S102.mdx
10.2.1,eq,eq-10-2-1,src/chapters/10-differentialrechnung/S102.mdx
10.2.2,eq,richtungsableitung,src/chapters/10-differentialrechnung/S102.mdx
10.2.3,eq,gradient-der-quadratischen-form,src/chapters/10-differentialrechnung/S102.mdx
10.2.4,eq,gradient-gradientenabstieg,src/chapters/10-differentialrechnung/S102.mdx
10.3.1,definition,jacobimatrix,src/chapters/10-differentialrechnung/S103.mdx
10.3.10,bemerkung,die-gradientenkette-eines-netzes,src/chapters/10-differentialrechnung/S103.mdx
10.3.11,bemerkung,wo-die-kette-aufhoert,src/chapters/10-differentialrechnung/S103.mdx
10.3.12,beispiel,jacobimatrix-eines-relu-layers,src/chapters/10-differentialrechnung/S103.mdx
10.3.13,bemerkung,wie-die-kette-ausgewertet-wird,src/chapters/10-differentialrechnung/S103.mdx
10.3.2,bemerkung,die-zeilen-sind-gradienten,src/chapters/10-differentialrechnung/S103.mdx
10.3.3,lemma,die-matrix-der-linearen-naeherung,src/chapters/10-differentialrechnung/S103.mdx
10.3.4,satz,jacobimatrizen-der-grundbausteine,src/chapters/10-differentialrechnung/S103.mdx
10.3.5,bemerkung,zur-identitaet-fuer-x-a,src/chapters/10-differentialrechnung/S103.mdx
10.3.6,korollar,lineare-abbildungen-sind-ihre-eigene,src/chapters/10-differentialrechnung/S103.mdx
10.3.7,beispiel,quadrieren-in-der-ebene,src/chapters/10-differentialrechnung/S103.mdx
10.3.8,bemerkung,wie-stark-die-flaeche-verzerrt-wird,src/chapters/10-differentialrechnung/S103.mdx
10.3.9,satz,kettenregel-fuer-jacobimatrizen,src/chapters/10-differentialrechnung/S103.mdx
10.3.1,eq,eq-10-3-1,src/chapters/10-differentialrechnung/S103.mdx
10.3.2,eq,kettenregel-fuer-jacobimatrizen,src/chapters/10-differentialrechnung/S103.mdx
10.3.3,eq,die-gradientenkette-eines-netzes,src/chapters/10-differentialrechnung/S103.mdx
10.3.4,eq,jacobimatrix-eines-relu-layers,src/chapters/10-differentialrechnung/S103.mdx
10.4.1,definition,ableitung-einer-matrixwertigen-funktion,src/chapters/10-differentialrechnung/S104.mdx
10.4.10,satz,identitaeten-fuer-matrix-zu-skalar,src/chapters/10-differentialrechnung/S104.mdx
10.4.11,beispiel,probe-der-frobenius-identitaet,src/chapters/10-differentialrechnung/S104.mdx
10.4.12,satz,gradienten-der-completion,src/chapters/10-differentialrechnung/S104.mdx
10.4.13,algorithmus,gradientenabstieg-fuer-matrix-completion,src/chapters/10-differentialrechnung/S104.mdx
10.4.2,bemerkung,das-format-bleibt-erhalten,src/chapters/10-differentialrechnung/S104.mdx
10.4.3,beispiel,uebung-eine-2-3-matrixfunktion,src/chapters/10-differentialrechnung/S104.mdx
10.4.4,satz,identitaeten-fuer-skalar-zu-matrix,src/chapters/10-differentialrechnung/S104.mdx
10.4.5,beispiel,die-jacobi-formel-an-einem,src/chapters/10-differentialrechnung/S104.mdx
10.4.6,bemerkung,warum-das-in-der-statistik-gebraucht,src/chapters/10-differentialrechnung/S104.mdx
10.4.7,definition,ableitung-nach-einer-matrix,src/chapters/10-differentialrechnung/S104.mdx
10.4.8,bemerkung,der-ableitungsterm-ist-ein-skalarprodukt,src/chapters/10-differentialrechnung/S104.mdx
10.4.9,beispiel,ableitung-von-f-x-a-xb,src/chapters/10-differentialrechnung/S104.mdx
10.4.1,eq,ableitung-einer-matrixwertigen-funktion,src/chapters/10-differentialrechnung/S104.mdx
10.4.10,eq,identitaeten-fuer-matrix-zu-skalar,src/chapters/10-differentialrechnung/S104.mdx
10.4.11,eq,identitaeten-fuer-matrix-zu-skalar-2,src/chapters/10-differentialrechnung/S104.mdx
10.4.12,eq,identitaeten-fuer-matrix-zu-skalar-3,src/chapters/10-differentialrechnung/S104.mdx
10.4.13,eq,eq-10-4-13,src/chapters/10-differentialrechnung/S104.mdx
10.4.14,eq,gradienten-der-completion,src/chapters/10-differentialrechnung/S104.mdx
10.4.2,eq,ableitung-einer-matrixwertigen-funktion-2,src/chapters/10-differentialrechnung/S104.mdx
10.4.3,eq,identitaeten-fuer-skalar-zu-matrix,src/chapters/10-differentialrechnung/S104.mdx
10.4.4,eq,identitaeten-fuer-skalar-zu-matrix-2,src/chapters/10-differentialrechnung/S104.mdx
10.4.5,eq,identitaeten-fuer-skalar-zu-matrix-3,src/chapters/10-differentialrechnung/S104.mdx
10.4.6,eq,ableitung-nach-einer-matrix,src/chapters/10-differentialrechnung/S104.mdx
10.4.7,eq,ableitung-nach-einer-matrix-2,src/chapters/10-differentialrechnung/S104.mdx
10.4.8,eq,der-ableitungsterm-ist-ein-skalarprodukt,src/chapters/10-differentialrechnung/S104.mdx
10.4.9,eq,ableitung-von-f-x-a-xb,src/chapters/10-differentialrechnung/S104.mdx
10.5.1,bemerkung,gross-o-und-klein-o-fuer-kleine,src/chapters/10-differentialrechnung/S105.mdx
10.5.2,satz,stetigkeit-aus-differenzierbarkeit,src/chapters/10-differentialrechnung/S105.mdx
10.5.3,beispiel,die-betragsfunktion-am-nullpunkt,src/chapters/10-differentialrechnung/S105.mdx
10.5.4,bemerkung,die-merkregel-und-ihre-kontraposition,src/chapters/10-differentialrechnung/S105.mdx
10.5.5,satz,linearitaet-der-ableitungsoperation,src/chapters/10-differentialrechnung/S105.mdx
10.5.6,bemerkung,fuenf-spezialfaelle-derselben-aussage,src/chapters/10-differentialrechnung/S105.mdx
10.5.7,beispiel,linearitaet-an-einem-zahlenbeispiel,src/chapters/10-differentialrechnung/S105.mdx
10.5.1,eq,eq-10-5-1,src/chapters/10-differentialrechnung/S105.mdx
10.5.2,eq,linearitaet-der-ableitungsoperation,src/chapters/10-differentialrechnung/S105.mdx
10.6.1,definition,beschraenkte-bilineare-abbildung,src/chapters/10-differentialrechnung/S106.mdx
10.6.10,beispiel,gradient-des-logistischen-verlusts,src/chapters/10-differentialrechnung/S106.mdx
10.6.11,bemerkung,fehler-mal-merkmal,src/chapters/10-differentialrechnung/S106.mdx
10.6.12,beispiel,gradient-der-euklidischen-norm,src/chapters/10-differentialrechnung/S106.mdx
10.6.2,bemerkung,beispiele-und-warum-die-schranke-selten,src/chapters/10-differentialrechnung/S106.mdx
10.6.3,satz,produktregel,src/chapters/10-differentialrechnung/S106.mdx
10.6.4,beispiel,die-produktregel-in-vier-bauformen,src/chapters/10-differentialrechnung/S106.mdx
10.6.5,beispiel,gradient-einer-quadratischen-form,src/chapters/10-differentialrechnung/S106.mdx
10.6.6,bemerkung,varianz-einer-linearkombination,src/chapters/10-differentialrechnung/S106.mdx
10.6.7,beispiel,ridge-regression,src/chapters/10-differentialrechnung/S106.mdx
10.6.8,satz,kettenregel,src/chapters/10-differentialrechnung/S106.mdx
10.6.9,beispiel,die-kettenregel-in-fuenf-bauformen,src/chapters/10-differentialrechnung/S106.mdx
10.6.1,eq,beschraenkte-bilineare-abbildung,src/chapters/10-differentialrechnung/S106.mdx
10.6.2,eq,produktregel,src/chapters/10-differentialrechnung/S106.mdx
10.6.3,eq,ridge-regression,src/chapters/10-differentialrechnung/S106.mdx
10.6.4,eq,kettenregel,src/chapters/10-differentialrechnung/S106.mdx
10.6.5,eq,gradient-des-logistischen-verlusts,src/chapters/10-differentialrechnung/S106.mdx
10.6.6,eq,gradient-des-logistischen-verlusts-2,src/chapters/10-differentialrechnung/S106.mdx
10.7.1,definition,k-mal-frechet-differenzierbar,src/chapters/10-differentialrechnung/S107.mdx
10.7.10,bemerkung,wenn-die-hesse-matrix-nichts-entscheidet,src/chapters/10-differentialrechnung/S107.mdx
10.7.11,satz,konvexitaet-und-positive-semidefinitheit,src/chapters/10-differentialrechnung/S107.mdx
10.7.12,bemerkung,warum-die-menge-offen-und-konvex-sein,src/chapters/10-differentialrechnung/S107.mdx
10.7.13,bemerkung,praxisrelevanz-der-hesse-matrix,src/chapters/10-differentialrechnung/S107.mdx
10.7.14,definition,fisher-informationsmatrix,src/chapters/10-differentialrechnung/S107.mdx
10.7.15,beispiel,fisher-information-im-bernoulli-modell,src/chapters/10-differentialrechnung/S107.mdx
10.7.16,bemerkung,cramer-rao-sauber-formuliert,src/chapters/10-differentialrechnung/S107.mdx
10.7.17,satz,die-ersten-drei-stufen-fuer-vektor-zu,src/chapters/10-differentialrechnung/S107.mdx
10.7.2,bemerkung,hoehere-ableitungen-wie-die-definition-zu-lesen-ist,src/chapters/10-differentialrechnung/S107.mdx
10.7.3,definition,hesse-matrix,src/chapters/10-differentialrechnung/S107.mdx
10.7.4,satz,satz-von-schwarz,src/chapters/10-differentialrechnung/S107.mdx
10.7.5,bemerkung,was-die-symmetrie-spart,src/chapters/10-differentialrechnung/S107.mdx
10.7.6,satz,erste-und-zweite-ableitung-in,src/chapters/10-differentialrechnung/S107.mdx
10.7.7,beispiel,gradient-und-hesse-matrix-einer,src/chapters/10-differentialrechnung/S107.mdx
10.7.8,bemerkung,die-dritte-ableitung-ist-ein-tensor,src/chapters/10-differentialrechnung/S107.mdx
10.7.9,satz,hesse-kriterium-fuer-kritische-punkte,src/chapters/10-differentialrechnung/S107.mdx
10.7.1,eq,k-mal-frechet-differenzierbar,src/chapters/10-differentialrechnung/S107.mdx
10.7.2,eq,die-ersten-drei-stufen-fuer-vektor-zu,src/chapters/10-differentialrechnung/S107.mdx
10.8.1,definition,taylorpolynom,src/chapters/10-differentialrechnung/S108.mdx
10.8.10,bemerkung,ebene-und-quadrik,src/chapters/10-differentialrechnung/S108.mdx
10.8.11,algorithmus,newton-raphson-verfahren,src/chapters/10-differentialrechnung/S108.mdx
10.8.12,bemerkung,drei-vorbehalte,src/chapters/10-differentialrechnung/S108.mdx
10.8.13,bemerkung,warum-statistik-und-ml-voll-davon-sind,src/chapters/10-differentialrechnung/S108.mdx
10.8.2,satz,taylorentwicklung-i,src/chapters/10-differentialrechnung/S108.mdx
10.8.3,bemerkung,was-der-satz-sagt-und-was-nicht,src/chapters/10-differentialrechnung/S108.mdx
10.8.4,bemerkung,die-zweite-schreibweise,src/chapters/10-differentialrechnung/S108.mdx
10.8.5,bemerkung,hoeher-ist-nicht-automatisch-besser,src/chapters/10-differentialrechnung/S108.mdx
10.8.6,beispiel,taylorapproximation-der,src/chapters/10-differentialrechnung/S108.mdx
10.8.7,satz,taylorentwicklung-ii,src/chapters/10-differentialrechnung/S108.mdx
10.8.8,bemerkung,warum-hier-die-integralform-steht,src/chapters/10-differentialrechnung/S108.mdx
10.8.9,korollar,taylorapproximation-fuer-vektor-zu,src/chapters/10-differentialrechnung/S108.mdx
10.8.1,eq,taylorpolynom,src/chapters/10-differentialrechnung/S108.mdx
10.8.2,eq,taylorentwicklung-i,src/chapters/10-differentialrechnung/S108.mdx
10.8.3,eq,taylorentwicklung-i-2,src/chapters/10-differentialrechnung/S108.mdx
10.8.4,eq,eq-10-8-4,src/chapters/10-differentialrechnung/S108.mdx
10.8.5,eq,taylorentwicklung-ii,src/chapters/10-differentialrechnung/S108.mdx
10.8.6,eq,taylorapproximation-fuer-vektor-zu,src/chapters/10-differentialrechnung/S108.mdx
10.8.7,eq,newton-raphson-verfahren,src/chapters/10-differentialrechnung/S108.mdx
10.9.1,bemerkung,fuenf-begriffe-die-bleiben,src/chapters/10-differentialrechnung/S109.mdx
10.9.2,bemerkung,vier-bausteine-die-bleiben,src/chapters/10-differentialrechnung/S109.mdx
10.9.3,bemerkung,die-drei-leeren-felder,src/chapters/10-differentialrechnung/S109.mdx
10.9.4,bemerkung,stoerungsanalyse-als-richtungsableitung,src/chapters/10-differentialrechnung/S109.mdx
11.1.1,definition,konvexkombination,src/chapters/11-konvexitaet/S111.mdx
11.1.10,beispiel,konvexe-huelle-dreier-punkte,src/chapters/11-konvexitaet/S111.mdx
11.1.11,bemerkung,rand-und-inneres-an-den-gewichten,src/chapters/11-konvexitaet/S111.mdx
11.1.2,bemerkung,ein-gewichteter-durchschnitt,src/chapters/11-konvexitaet/S111.mdx
11.1.3,beispiel,der-erwartungswert-ist-eine,src/chapters/11-konvexitaet/S111.mdx
11.1.4,satz,konvexkombinationen-zweier-vektoren,src/chapters/11-konvexitaet/S111.mdx
11.1.5,definition,konvexe-huelle,src/chapters/11-konvexitaet/S111.mdx
11.1.6,bemerkung,warum-endlich-viele,src/chapters/11-konvexitaet/S111.mdx
11.1.7,definition,konvexkombinationen-extrempunkt,src/chapters/11-konvexitaet/S111.mdx
11.1.8,bemerkung,extrempunkt-zu-sein-ist-keine,src/chapters/11-konvexitaet/S111.mdx
11.1.9,bemerkung,die-kleinste-konvexe-obermenge,src/chapters/11-konvexitaet/S111.mdx
11.2.1,definition,konvexe-menge,src/chapters/11-konvexitaet/S112.mdx
11.2.10,satz,konvexitaetserhaltung,src/chapters/11-konvexitaet/S112.mdx
11.2.11,bemerkung,drei-feinheiten-zum-satz,src/chapters/11-konvexitaet/S112.mdx
11.2.12,beispiel,ein-dreieck-als-schnitt-dreier,src/chapters/11-konvexitaet/S112.mdx
11.2.13,satz,konvexe-huelle-als-durchschnitt,src/chapters/11-konvexitaet/S112.mdx
11.2.14,satz,lineare-ziele-und-extrempunkte,src/chapters/11-konvexitaet/S112.mdx
11.2.15,beispiel,auswahl-unter-einer-budgetschranke,src/chapters/11-konvexitaet/S112.mdx
11.2.16,bemerkung,was-der-satz-leistet-und-was-nicht,src/chapters/11-konvexitaet/S112.mdx
11.2.2,bemerkung,was-die-bedingung-verlangt,src/chapters/11-konvexitaet/S112.mdx
11.2.3,satz,konvexe-mengen-enthalten-alle,src/chapters/11-konvexitaet/S112.mdx
11.2.4,beispiel,offener-ball,src/chapters/11-konvexitaet/S112.mdx
11.2.5,definition,konvexe-mengen-extrempunkt,src/chapters/11-konvexitaet/S112.mdx
11.2.6,beispiel,der-simplex,src/chapters/11-konvexitaet/S112.mdx
11.2.7,definition,positiv-semidefinit,src/chapters/11-konvexitaet/S112.mdx
11.2.8,satz,die-positiv-semidefiniten-matrizen,src/chapters/11-konvexitaet/S112.mdx
11.2.9,bemerkung,kovarianzmatrizen-sind-semidefinit-nicht,src/chapters/11-konvexitaet/S112.mdx
11.2.1,eq,konvexe-huelle-als-durchschnitt,src/chapters/11-konvexitaet/S112.mdx
11.2.2,eq,eq-11-2-2,src/chapters/11-konvexitaet/S112.mdx
11.3.1,satz,projektionstheorem,src/chapters/11-konvexitaet/S113.mdx
11.3.10,beispiel,der-betrag-ist-konvex,src/chapters/11-konvexitaet/S113.mdx
11.3.11,beispiel,affine-funktionen,src/chapters/11-konvexitaet/S113.mdx
11.3.12,satz,quadratische-funktionen,src/chapters/11-konvexitaet/S113.mdx
11.3.13,bemerkung,warum-der-symmetrische-anteil,src/chapters/11-konvexitaet/S113.mdx
11.3.14,beispiel,eine-quadrik-ausgerechnet,src/chapters/11-konvexitaet/S113.mdx
11.3.15,satz,jede-norm-ist-konvex,src/chapters/11-konvexitaet/S113.mdx
11.3.16,beispiel,kleinste-quadrate-und-ridge,src/chapters/11-konvexitaet/S113.mdx
11.3.17,bemerkung,kruemmung-kondition-und-ein-ausblick,src/chapters/11-konvexitaet/S113.mdx
11.3.2,bemerkung,jede-voraussetzung-wird-gebraucht,src/chapters/11-konvexitaet/S113.mdx
11.3.3,satz,kriterium-des-stumpfen-winkels,src/chapters/11-konvexitaet/S113.mdx
11.3.4,beispiel,zwei-projektionen-die-wir-hinschreiben,src/chapters/11-konvexitaet/S113.mdx
11.3.5,definition,epigraph,src/chapters/11-konvexitaet/S113.mdx
11.3.6,definition,konvexe-funktion,src/chapters/11-konvexitaet/S113.mdx
11.3.7,bemerkung,der-definitionsbereich-muss-mitspielen,src/chapters/11-konvexitaet/S113.mdx
11.3.8,satz,konvexitaet-als-ungleichung,src/chapters/11-konvexitaet/S113.mdx
11.3.9,bemerkung,wie-wir-die-ungleichung-lesen,src/chapters/11-konvexitaet/S113.mdx
11.3.1,eq,projektionstheorem,src/chapters/11-konvexitaet/S113.mdx
11.3.2,eq,eq-11-3-2,src/chapters/11-konvexitaet/S113.mdx
11.3.3,eq,kriterium-des-stumpfen-winkels,src/chapters/11-konvexitaet/S113.mdx
11.3.4,eq,konvexitaet-als-ungleichung,src/chapters/11-konvexitaet/S113.mdx
11.4.1,satz,operationen-die-konvexitaet-erhalten,src/chapters/11-konvexitaet/S114.mdx
11.4.10,bemerkung,wo-die-voraussetzungen-stecken,src/chapters/11-konvexitaet/S114.mdx
11.4.11,beispiel,quadratische-funktionen-mit-dem,src/chapters/11-konvexitaet/S114.mdx
11.4.12,beispiel,logistische-regression-ist-ein-konvexes,src/chapters/11-konvexitaet/S114.mdx
11.4.13,bemerkung,eigenwerte-als-kruemmungen,src/chapters/11-konvexitaet/S114.mdx
11.4.14,definition,subgradient-und-subdifferential,src/chapters/11-konvexitaet/S114.mdx
11.4.15,satz,existenz-von-subgradienten-im-inneren,src/chapters/11-konvexitaet/S114.mdx
11.4.16,beispiel,das-subdifferential-des-betrags,src/chapters/11-konvexitaet/S114.mdx
11.4.17,bemerkung,randpunkte-und-wozu-subgradienten-gut,src/chapters/11-konvexitaet/S114.mdx
11.4.2,beispiel,uebung-die-summe-zweier-konvexer,src/chapters/11-konvexitaet/S114.mdx
11.4.3,beispiel,uebung-das-punktweise-maximum,src/chapters/11-konvexitaet/S114.mdx
11.4.4,bemerkung,was-die-vier-regeln-zusammen-hergeben,src/chapters/11-konvexitaet/S114.mdx
11.4.5,beispiel,zielfunktionen-aus-bausteinen,src/chapters/11-konvexitaet/S114.mdx
11.4.6,satz,jensen-ungleichung,src/chapters/11-konvexitaet/S114.mdx
11.4.7,bemerkung,gewichte-als-wahrscheinlichkeiten,src/chapters/11-konvexitaet/S114.mdx
11.4.8,beispiel,die-varianz-ist-nicht-negativ,src/chapters/11-konvexitaet/S114.mdx
11.4.9,satz,konvexe-funktionen-von-vektoren-zu,src/chapters/11-konvexitaet/S114.mdx
11.4.1,eq,jensen-ungleichung,src/chapters/11-konvexitaet/S114.mdx
11.4.2,eq,konvexe-funktionen-von-vektoren-zu,src/chapters/11-konvexitaet/S114.mdx
11.4.3,eq,subgradient-und-subdifferential,src/chapters/11-konvexitaet/S114.mdx
11.5.1,satz,kritischer-punkt-und-globales-minimum,src/chapters/11-konvexitaet/S115.mdx
11.5.2,bemerkung,was-daraus-folgt-und-was-nicht,src/chapters/11-konvexitaet/S115.mdx
11.5.3,satz,die-minimalstellen-bilden-eine-konvexe,src/chapters/11-konvexitaet/S115.mdx
11.5.4,definition,strikte-konvexitaet,src/chapters/11-konvexitaet/S115.mdx
11.5.5,satz,hoechstens-eine-minimalstelle,src/chapters/11-konvexitaet/S115.mdx
11.5.6,bemerkung,drei-aussagen-die-auseinanderzuhalten,src/chapters/11-konvexitaet/S115.mdx
11.5.7,bemerkung,eine-landkarte-der-optimierungsprobleme,src/chapters/11-konvexitaet/S115.mdx
11.5.8,bemerkung,fuenf-bausteine-die-bleiben,src/chapters/11-konvexitaet/S115.mdx
11.5.1,eq,strikte-konvexitaet,src/chapters/11-konvexitaet/S115.mdx
12.1.1,definition,nichtlineares-gleichungssystem,src/chapters/12-optim/S121.mdx
12.1.10,bemerkung,umkehrfunktionen-binaersuche-und-die,src/chapters/12-optim/S121.mdx
12.1.11,algorithmus,newton-raphson-verfahren-fuer,src/chapters/12-optim/S121.mdx
12.1.12,beispiel,die-wurzel-aus-zwei,src/chapters/12-optim/S121.mdx
12.1.13,bemerkung,quadratische-konvergenz,src/chapters/12-optim/S121.mdx
12.1.14,bemerkung,von-der-nullstelle-zum-minimum,src/chapters/12-optim/S121.mdx
12.1.15,algorithmus,fixpunktiteration-erster-ordnung,src/chapters/12-optim/S121.mdx
12.1.16,satz,konvergenzrate-der-fixpunktiteration,src/chapters/12-optim/S121.mdx
12.1.17,bemerkung,was-die-monotonie-annahme-leistet,src/chapters/12-optim/S121.mdx
12.1.18,bemerkung,das-dilemma-der-schrittweite,src/chapters/12-optim/S121.mdx
12.1.2,definition,unbeschraenktes-und-beschraenktes,src/chapters/12-optim/S121.mdx
12.1.3,bemerkung,zwei-probleme-ein-werkzeugkasten,src/chapters/12-optim/S121.mdx
12.1.4,beispiel,optimierungsprobleme-in-statistik-und,src/chapters/12-optim/S121.mdx
12.1.5,satz,existenz-und-eindeutigkeit-einer,src/chapters/12-optim/S121.mdx
12.1.6,bemerkung,hinreichend-aber-nicht-notwendig,src/chapters/12-optim/S121.mdx
12.1.7,algorithmus,bisektionsverfahren,src/chapters/12-optim/S121.mdx
12.1.8,satz,schrittzahl-der-bisektion,src/chapters/12-optim/S121.mdx
12.1.9,bemerkung,bisektion-robust-implementiert,src/chapters/12-optim/S121.mdx
12.1.1,eq,newton-raphson-verfahren-fuer,src/chapters/12-optim/S121.mdx
12.1.2,eq,fixpunktiteration-erster-ordnung,src/chapters/12-optim/S121.mdx
12.1.3,eq,konvergenzrate-der-fixpunktiteration,src/chapters/12-optim/S121.mdx
12.2.1,definition,lokales-und-globales-minimum,src/chapters/12-optim/S122.mdx
12.2.10,definition,sattelpunkt,src/chapters/12-optim/S122.mdx
12.2.11,beispiel,der-standardsattel,src/chapters/12-optim/S122.mdx
12.2.12,bemerkung,was-sattelpunkte-fuer-die-verfahren,src/chapters/12-optim/S122.mdx
12.2.13,satz,bedingungen-erster-und-zweiter-ordnung,src/chapters/12-optim/S122.mdx
12.2.14,bemerkung,warum-die-rueckrichtung-nicht-gilt,src/chapters/12-optim/S122.mdx
12.2.15,bemerkung,was-konvexitaet-aus-der-tabelle-macht,src/chapters/12-optim/S122.mdx
12.2.2,bemerkung,maximieren-ist-minimieren,src/chapters/12-optim/S122.mdx
12.2.3,satz,notwendige-bedingung-erster-ordnung,src/chapters/12-optim/S122.mdx
12.2.4,definition,stationaerer-punkt,src/chapters/12-optim/S122.mdx
12.2.5,bemerkung,optimieren-heisst-gleichungen-loesen,src/chapters/12-optim/S122.mdx
12.2.6,satz,globale-optimalitaet-bei-konvexitaet,src/chapters/12-optim/S122.mdx
12.2.7,satz,eindeutigkeit-bei-strikter-konvexitaet,src/chapters/12-optim/S122.mdx
12.2.8,bemerkung,beide-saetze-brauchen-zwei,src/chapters/12-optim/S122.mdx
12.2.9,beispiel,vier-konvexe-verlustfunktionen,src/chapters/12-optim/S122.mdx
12.2.1,eq,lokales-und-globales-minimum,src/chapters/12-optim/S122.mdx
12.2.2,eq,notwendige-bedingung-erster-ordnung,src/chapters/12-optim/S122.mdx
12.2.3,eq,optimieren-heisst-gleichungen-loesen,src/chapters/12-optim/S122.mdx
12.2.4,eq,beide-saetze-brauchen-zwei,src/chapters/12-optim/S122.mdx
12.2.5,eq,was-sattelpunkte-fuer-die-verfahren,src/chapters/12-optim/S122.mdx
12.3.1,bemerkung,taxonomie-nach-ableitungsordnung,src/chapters/12-optim/S123.mdx
12.3.10,satz,konvergenzrate-bei-konvexem-f,src/chapters/12-optim/S123.mdx
12.3.11,bemerkung,was-eine-rate-der-ordnung-1-k-praktisch,src/chapters/12-optim/S123.mdx
12.3.12,definition,starke-konvexitaet,src/chapters/12-optim/S123.mdx
12.3.13,satz,konvergenzrate-bei-starker-konvexitaet,src/chapters/12-optim/S123.mdx
12.3.14,bemerkung,die-konditionszahl-einer-funktion,src/chapters/12-optim/S123.mdx
12.3.15,satz,gradientenabstieg-auf-einer-quadrik,src/chapters/12-optim/S123.mdx
12.3.16,beispiel,warum-der-satz-eine-schranke-ist-und,src/chapters/12-optim/S123.mdx
12.3.17,bemerkung,drei-abbruchkriterien-und-ihre-grenzen,src/chapters/12-optim/S123.mdx
12.3.18,algorithmus,backtracking-liniensuche-nach-armijo,src/chapters/12-optim/S123.mdx
12.3.19,bemerkung,was-die-armijo-bedingung-fordert,src/chapters/12-optim/S123.mdx
12.3.2,algorithmus,nelder-mead-simplexverfahren,src/chapters/12-optim/S123.mdx
12.3.3,bemerkung,wann-sich-nelder-mead-lohnt,src/chapters/12-optim/S123.mdx
12.3.4,algorithmus,nelder-mead-gradient-gradientenabstieg,src/chapters/12-optim/S123.mdx
12.3.5,bemerkung,drei-lesarten-desselben-schritts,src/chapters/12-optim/S123.mdx
12.3.6,beispiel,gradientenabstieg-von-hand,src/chapters/12-optim/S123.mdx
12.3.7,bemerkung,zu-klein-zu-gross-gerade-richtig,src/chapters/12-optim/S123.mdx
12.3.8,definition,lipschitz-stetigkeit,src/chapters/12-optim/S123.mdx
12.3.9,bemerkung,lipschitz-stetiger-gradient-und-die,src/chapters/12-optim/S123.mdx
12.3.1,eq,nelder-mead-gradient-gradientenabstieg,src/chapters/12-optim/S123.mdx
12.3.2,eq,zu-klein-zu-gross-gerade-richtig,src/chapters/12-optim/S123.mdx
12.3.3,eq,lipschitz-stetiger-gradient-und-die,src/chapters/12-optim/S123.mdx
12.3.4,eq,konvergenzrate-bei-konvexem-f,src/chapters/12-optim/S123.mdx
12.3.5,eq,konvergenzrate-bei-starker-konvexitaet,src/chapters/12-optim/S123.mdx
12.3.6,eq,gradientenabstieg-auf-einer-quadrik,src/chapters/12-optim/S123.mdx
12.3.7,eq,backtracking-liniensuche-nach-armijo,src/chapters/12-optim/S123.mdx
12.4.1,algorithmus,newton-verfahren-fuer-die-optimierung,src/chapters/12-optim/S124.mdx
12.4.10,satz,das-bfgs-update-erfuellt-die,src/chapters/12-optim/S124.mdx
12.4.11,bemerkung,eigenschaften-kosten-und-l-bfgs,src/chapters/12-optim/S124.mdx
12.4.12,bemerkung,wie-die-tabelle-zu-lesen-ist,src/chapters/12-optim/S124.mdx
12.4.13,algorithmus,gradientenabstieg-mit-heavy-ball,src/chapters/12-optim/S124.mdx
12.4.14,bemerkung,was-der-schwung-bewirkt,src/chapters/12-optim/S124.mdx
12.4.15,satz,der-gradient-einer-zufaellig-gezogenen,src/chapters/12-optim/S124.mdx
12.4.16,algorithmus,stochastischer-gradientenabstieg-sgd,src/chapters/12-optim/S124.mdx
12.4.17,bemerkung,rauschen-mini-batches-und-lernraten,src/chapters/12-optim/S124.mdx
12.4.2,bemerkung,was-der-schritt-voraussetzt-und-wie-wir,src/chapters/12-optim/S124.mdx
12.4.3,bemerkung,eine-vorschrift-zwei-spalten,src/chapters/12-optim/S124.mdx
12.4.4,beispiel,newton-auf-einer-nicht-quadratischen,src/chapters/12-optim/S124.mdx
12.4.5,bemerkung,newton-bei-nicht-konvexen-funktionen,src/chapters/12-optim/S124.mdx
12.4.6,beispiel,ein-zug-statt-vieler,src/chapters/12-optim/S124.mdx
12.4.7,bemerkung,warum-newton-die-kondition-nicht-spuert,src/chapters/12-optim/S124.mdx
12.4.8,algorithmus,quasi-newton-schritt,src/chapters/12-optim/S124.mdx
12.4.9,definition,bfgs-update,src/chapters/12-optim/S124.mdx
12.4.1,eq,eq-12-4-1,src/chapters/12-optim/S124.mdx
12.4.2,eq,newton-verfahren-fuer-die-optimierung,src/chapters/12-optim/S124.mdx
12.4.3,eq,quasi-newton-schritt,src/chapters/12-optim/S124.mdx
12.4.4,eq,eq-12-4-4,src/chapters/12-optim/S124.mdx
12.4.5,eq,bfgs-update,src/chapters/12-optim/S124.mdx
12.4.6,eq,gradientenabstieg-mit-heavy-ball,src/chapters/12-optim/S124.mdx
12.4.7,eq,eq-12-4-7,src/chapters/12-optim/S124.mdx
12.4.8,eq,stochastischer-gradientenabstieg-sgd,src/chapters/12-optim/S124.mdx
12.5.1,definition,beschraenktes-optimierungsproblem,src/chapters/12-optim/S125.mdx
12.5.10,beispiel,kkt-stationaritaet-fuer-ridge,src/chapters/12-optim/S125.mdx
12.5.11,bemerkung,kreis-gegen-raute-warum-lasso-nullen,src/chapters/12-optim/S125.mdx
12.5.12,satz,kkt-und-konvexitaet,src/chapters/12-optim/S125.mdx
12.5.2,bemerkung,das-optimum-liegt-oft-auf-der,src/chapters/12-optim/S125.mdx
12.5.3,bemerkung,auch-null-ist-ein-zulaessiger,src/chapters/12-optim/S125.mdx
12.5.4,definition,lagrange-funktion,src/chapters/12-optim/S125.mdx
12.5.5,satz,notwendige-bedingung-von-lagrange,src/chapters/12-optim/S125.mdx
12.5.6,beispiel,minimieren-auf-einer-geraden,src/chapters/12-optim/S125.mdx
12.5.7,satz,karush-kuhn-tucker-bedingungen,src/chapters/12-optim/S125.mdx
12.5.8,bemerkung,komplementaritaet-bindet-oder,src/chapters/12-optim/S125.mdx
12.5.9,beispiel,eine-box-beschraenkung,src/chapters/12-optim/S125.mdx
12.5.1,eq,eine-box-beschraenkung,src/chapters/12-optim/S125.mdx
12.6.1,bemerkung,golden-section-search,src/chapters/12-optim/S126.mdx
12.6.2,bemerkung,falsche-konvergenz-und-keiner-warnt,src/chapters/12-optim/S126.mdx
12.6.3,beispiel,kettenregel-fuer-die-beispielfunktion,src/chapters/12-optim/S126.mdx
12.6.4,bemerkung,optim-in-r-kernkonzepte-des-kapitels,src/chapters/12-optim/S126.mdx
12.6.1,eq,eq-12-6-1,src/chapters/12-optim/S126.mdx
13.1.1,definition,approximationsproblem,src/chapters/13-funktionsapproximation/S131.mdx
13.1.2,definition,interpolationsproblem,src/chapters/13-funktionsapproximation/S131.mdx
13.1.3,definition,glaettungsproblem,src/chapters/13-funktionsapproximation/S131.mdx
13.1.4,bemerkung,daten-oder-funktion,src/chapters/13-funktionsapproximation/S131.mdx
13.1.5,bemerkung,approximation-ueber-interpolation,src/chapters/13-funktionsapproximation/S131.mdx
13.1.6,bemerkung,interpolation-im-maschinellen-lernen-und,src/chapters/13-funktionsapproximation/S131.mdx
13.1.7,beispiel,vier-interpolanten-durch-drei-punkte,src/chapters/13-funktionsapproximation/S131.mdx
13.1.8,satz,gestalt-aller-interpolanten,src/chapters/13-funktionsapproximation/S131.mdx
13.1.9,bemerkung,unendlich-viele-loesungen,src/chapters/13-funktionsapproximation/S131.mdx
13.1.1,eq,interpolationsproblem,src/chapters/13-funktionsapproximation/S131.mdx
13.1.2,eq,gestalt-aller-interpolanten,src/chapters/13-funktionsapproximation/S131.mdx
13.2.1,definition,der-vektorraum-der-funktionen,src/chapters/13-funktionsapproximation/S132.mdx
13.2.10,beispiel,basisdarstellung-konkret,src/chapters/13-funktionsapproximation/S132.mdx
13.2.11,bemerkung,einsetzen-ist-hier-nicht,src/chapters/13-funktionsapproximation/S132.mdx
13.2.12,beispiel,dieselbe-funktion-andere-koeffizienten,src/chapters/13-funktionsapproximation/S132.mdx
13.2.2,bemerkung,unendlich-viele-freiheitsgrade-endlich,src/chapters/13-funktionsapproximation/S132.mdx
13.2.3,definition,ansatzraum-basisdarstellung,src/chapters/13-funktionsapproximation/S132.mdx
13.2.4,satz,wann-k-zahlen-eine-funktion-festlegen,src/chapters/13-funktionsapproximation/S132.mdx
13.2.5,bemerkung,das-wort-basisfunktion-traegt-eine,src/chapters/13-funktionsapproximation/S132.mdx
13.2.6,beispiel,zwei-ansatzraeume,src/chapters/13-funktionsapproximation/S132.mdx
13.2.7,algorithmus,interpolation-durch-basisdarstellung,src/chapters/13-funktionsapproximation/S132.mdx
13.2.8,satz,das-interpolationsproblem-ist-ein,src/chapters/13-funktionsapproximation/S132.mdx
13.2.9,bemerkung,was-in-b-steckt-und-was-nicht,src/chapters/13-funktionsapproximation/S132.mdx
13.3.1,satz,fundamentalsatz-der-algebra,src/chapters/13-funktionsapproximation/S133.mdx
13.3.10,bemerkung,warum-die-spalten-fast-parallel-werden,src/chapters/13-funktionsapproximation/S133.mdx
13.3.11,beispiel,konditionszahlen-der-groessenordnung,src/chapters/13-funktionsapproximation/S133.mdx
13.3.12,bemerkung,der-ausweg-orthogonalisierte-basen,src/chapters/13-funktionsapproximation/S133.mdx
13.3.13,satz,wie-sich-eine-datenaenderung-fortpflanzt,src/chapters/13-funktionsapproximation/S133.mdx
13.3.14,bemerkung,was-das-in-zahlen-heisst,src/chapters/13-funktionsapproximation/S133.mdx
13.3.15,beispiel,runge-1901,src/chapters/13-funktionsapproximation/S133.mdx
13.3.16,bemerkung,divergenz-schon-aber-nicht-monoton,src/chapters/13-funktionsapproximation/S133.mdx
13.3.17,bemerkung,ein-ausweg-die-knoten-anders-legen,src/chapters/13-funktionsapproximation/S133.mdx
13.3.2,korollar,zu-viele-nullstellen-erzwingen-das,src/chapters/13-funktionsapproximation/S133.mdx
13.3.3,beispiel,drei-nullstellen-bei-grad-hoechstens,src/chapters/13-funktionsapproximation/S133.mdx
13.3.4,definition,monombasis-und-vandermonde-matrix,src/chapters/13-funktionsapproximation/S133.mdx
13.3.5,satz,existenz-und-eindeutigkeit-der,src/chapters/13-funktionsapproximation/S133.mdx
13.3.6,bemerkung,die-vandermonde-determinante,src/chapters/13-funktionsapproximation/S133.mdx
13.3.7,bemerkung,ein-haeufiges-missverstaendnis,src/chapters/13-funktionsapproximation/S133.mdx
13.3.8,beispiel,drei-punkte-auf-einer-geraden,src/chapters/13-funktionsapproximation/S133.mdx
13.3.9,algorithmus,polynominterpolation-in-der-monombasis,src/chapters/13-funktionsapproximation/S133.mdx
13.4.1,definition,polynom-spline-vom-grad-q,src/chapters/13-funktionsapproximation/S134.mdx
13.4.10,beispiel,grad-1-die-hutfunktionen,src/chapters/13-funktionsapproximation/S134.mdx
13.4.11,satz,die-b-splines-sind-eine-basis,src/chapters/13-funktionsapproximation/S134.mdx
13.4.12,bemerkung,b-splines-in-r,src/chapters/13-funktionsapproximation/S134.mdx
13.4.13,bemerkung,konditionszahlen-eine-groessenordnung,src/chapters/13-funktionsapproximation/S134.mdx
13.4.14,bemerkung,bandstruktur-und-aufwand,src/chapters/13-funktionsapproximation/S134.mdx
13.4.15,satz,eigenschaften-von-splines-und-b-splines,src/chapters/13-funktionsapproximation/S134.mdx
13.4.16,bemerkung,vorsicht-bei-den-ableitungen,src/chapters/13-funktionsapproximation/S134.mdx
13.4.17,bemerkung,was-die-lokalitaet-praktisch-bedeutet,src/chapters/13-funktionsapproximation/S134.mdx
13.4.2,bemerkung,was-in-dieser-definition-steckt,src/chapters/13-funktionsapproximation/S134.mdx
13.4.3,beispiel,die-grade-0-1-und-3,src/chapters/13-funktionsapproximation/S134.mdx
13.4.4,satz,dimension-des-spline-raums,src/chapters/13-funktionsapproximation/S134.mdx
13.4.5,bemerkung,die-parameterzaehlung-als-gegenprobe,src/chapters/13-funktionsapproximation/S134.mdx
13.4.6,bemerkung,zwei-bedingungen-fehlen-randbedingungen,src/chapters/13-funktionsapproximation/S134.mdx
13.4.7,beispiel,kubischer-spline-durch-vier-punkte,src/chapters/13-funktionsapproximation/S134.mdx
13.4.8,definition,erweiterte-knotenfolge-und-b-splines,src/chapters/13-funktionsapproximation/S134.mdx
13.4.9,bemerkung,warum-die-knotenfolge-so-lang-sein-muss,src/chapters/13-funktionsapproximation/S134.mdx
13.4.1,eq,dimension-des-spline-raums,src/chapters/13-funktionsapproximation/S134.mdx
13.4.2,eq,erweiterte-knotenfolge-und-b-splines,src/chapters/13-funktionsapproximation/S134.mdx
13.4.3,eq,erweiterte-knotenfolge-und-b-splines-2,src/chapters/13-funktionsapproximation/S134.mdx
13.4.4,eq,die-b-splines-sind-eine-basis,src/chapters/13-funktionsapproximation/S134.mdx
13.5.1,bemerkung,was-die-zweite-kapitelhaelfte,src/chapters/13-funktionsapproximation/S135.mdx
13.5.2,bemerkung,spline,src/chapters/13-funktionsapproximation/S135.mdx
13.5.3,definition,kruemmungsfunktional,src/chapters/13-funktionsapproximation/S135.mdx
13.5.4,satz,kubische-splines-haben-minimale,src/chapters/13-funktionsapproximation/S135.mdx
13.5.5,bemerkung,was-die-randterme-wirklich-brauchen,src/chapters/13-funktionsapproximation/S135.mdx
13.5.6,korollar,der-natuerliche-kubische-spline-ist-der,src/chapters/13-funktionsapproximation/S135.mdx
13.5.7,bemerkung,existenz-die-abzaehlung-geht-auf,src/chapters/13-funktionsapproximation/S135.mdx
13.5.8,beispiel,drei-punkte-zwei-interpolanten,src/chapters/13-funktionsapproximation/S135.mdx
13.5.1,eq,kruemmungsfunktional,src/chapters/13-funktionsapproximation/S135.mdx
13.5.2,eq,eq-13-5-2,src/chapters/13-funktionsapproximation/S135.mdx
13.5.3,eq,eq-13-5-3,src/chapters/13-funktionsapproximation/S135.mdx
13.6.1,definition,partition-und-gitterweite,src/chapters/13-funktionsapproximation/S136.mdx
13.6.2,satz,approximationsfehler-kubischer-splines,src/chapters/13-funktionsapproximation/S136.mdx
13.6.3,bemerkung,wie-wir-die-schranke-lesen,src/chapters/13-funktionsapproximation/S136.mdx
13.6.4,bemerkung,welcher-spline-die-konstante-traegt,src/chapters/13-funktionsapproximation/S136.mdx
13.6.5,satz,fehler-der-stueckweise-linearen,src/chapters/13-funktionsapproximation/S136.mdx
13.6.6,bemerkung,das-muster-hinter-dem-exponenten,src/chapters/13-funktionsapproximation/S136.mdx
13.6.7,beispiel,sinus-auf-dem-einheitsintervall,src/chapters/13-funktionsapproximation/S136.mdx
13.6.8,bemerkung,schranke-und-messung-sind-zweierlei,src/chapters/13-funktionsapproximation/S136.mdx
13.6.9,bemerkung,vier-staerken-auf-einen-blick,src/chapters/13-funktionsapproximation/S136.mdx
13.6.1,eq,approximationsfehler-kubischer-splines,src/chapters/13-funktionsapproximation/S136.mdx
13.6.2,eq,fehler-der-stueckweise-linearen,src/chapters/13-funktionsapproximation/S136.mdx
13.7.1,definition,regressionsmodell-mit-additivem-fehler,src/chapters/13-funktionsapproximation/S137.mdx
13.7.10,beispiel,fuenfzig-verrauschte-punkte,src/chapters/13-funktionsapproximation/S137.mdx
13.7.11,bemerkung,die-residuen-fallen-nicht-immer,src/chapters/13-funktionsapproximation/S137.mdx
13.7.12,definition,penalisiertes-kleinste-quadrate,src/chapters/13-funktionsapproximation/S137.mdx
13.7.13,bemerkung,was-der-strafterm-bewirkt,src/chapters/13-funktionsapproximation/S137.mdx
13.7.14,bemerkung,penalized-splines-und-die-naehe-zu-ridge,src/chapters/13-funktionsapproximation/S137.mdx
13.7.15,bemerkung,was-ohne-boundary-knots-passiert,src/chapters/13-funktionsapproximation/S137.mdx
13.7.2,bemerkung,was-in-der-fehlerannahme-steckt,src/chapters/13-funktionsapproximation/S137.mdx
13.7.3,bemerkung,die-aufgabe-ist-so-noch-entartet,src/chapters/13-funktionsapproximation/S137.mdx
13.7.4,definition,ansatzraum-und-designmatrix,src/chapters/13-funktionsapproximation/S137.mdx
13.7.5,satz,glaettung-ist-ein-lineares-kleinste,src/chapters/13-funktionsapproximation/S137.mdx
13.7.6,bemerkung,wie-wir-das-system-wirklich-loesen,src/chapters/13-funktionsapproximation/S137.mdx
13.7.7,bemerkung,wann-die-designmatrix-vollen-spaltenrang,src/chapters/13-funktionsapproximation/S137.mdx
13.7.8,definition,interpolation-und-glaettung-im,src/chapters/13-funktionsapproximation/S137.mdx
13.7.9,bemerkung,warum-interpolation-das-rauschen-erbt,src/chapters/13-funktionsapproximation/S137.mdx
13.7.1,eq,regressionsmodell-mit-additivem-fehler,src/chapters/13-funktionsapproximation/S137.mdx
13.7.2,eq,eq-13-7-2,src/chapters/13-funktionsapproximation/S137.mdx
13.7.3,eq,glaettung-ist-ein-lineares-kleinste,src/chapters/13-funktionsapproximation/S137.mdx
13.7.4,eq,glaettung-ist-ein-lineares-kleinste-2,src/chapters/13-funktionsapproximation/S137.mdx
13.7.5,eq,penalisiertes-kleinste-quadrate,src/chapters/13-funktionsapproximation/S137.mdx
13.8.1,bemerkung,modell-designmatrix-schaetzer,src/chapters/13-funktionsapproximation/S138.mdx
13.8.10,bemerkung,sigma-oder-sigma-quadrat-eine,src/chapters/13-funktionsapproximation/S138.mdx
13.8.11,bemerkung,drei-auswege,src/chapters/13-funktionsapproximation/S138.mdx
13.8.12,definition,generalisierte-kreuzvalidierung,src/chapters/13-funktionsapproximation/S138.mdx
13.8.13,bemerkung,warum-der-nenner-noetig-ist,src/chapters/13-funktionsapproximation/S138.mdx
13.8.14,beispiel,was-die-kriterien-in-unserem-datensatz,src/chapters/13-funktionsapproximation/S138.mdx
13.8.15,bemerkung,der-praktische-ausweg-gross-waehlen-und,src/chapters/13-funktionsapproximation/S138.mdx
13.8.2,satz,der-bias-ist-der-approximationsfehler,src/chapters/13-funktionsapproximation/S138.mdx
13.8.3,bemerkung,woran-die-ordnung-haengt,src/chapters/13-funktionsapproximation/S138.mdx
13.8.4,satz,gemittelte-varianz-eines-linearen,src/chapters/13-funktionsapproximation/S138.mdx
13.8.5,bemerkung,was-die-varianzformel-erzaehlt,src/chapters/13-funktionsapproximation/S138.mdx
13.8.6,satz,zerlegung-des-mittleren-quadratischen,src/chapters/13-funktionsapproximation/S138.mdx
13.8.7,bemerkung,heuristisches-balance-modell-fuer-die,src/chapters/13-funktionsapproximation/S138.mdx
13.8.8,beispiel,bias-und-varianz-beim-sinusbeispiel,src/chapters/13-funktionsapproximation/S138.mdx
13.8.9,bemerkung,der-bias-faellt-nicht-monoton,src/chapters/13-funktionsapproximation/S138.mdx
13.8.1,eq,modell-designmatrix-schaetzer,src/chapters/13-funktionsapproximation/S138.mdx
13.8.2,eq,der-bias-ist-der-approximationsfehler,src/chapters/13-funktionsapproximation/S138.mdx
13.8.3,eq,der-bias-ist-der-approximationsfehler-2,src/chapters/13-funktionsapproximation/S138.mdx
13.8.4,eq,gemittelte-varianz-eines-linearen,src/chapters/13-funktionsapproximation/S138.mdx
13.8.5,eq,gemittelte-varianz-eines-linearen-2,src/chapters/13-funktionsapproximation/S138.mdx
13.8.6,eq,zerlegung-des-mittleren-quadratischen,src/chapters/13-funktionsapproximation/S138.mdx
13.8.7,eq,eq-13-8-7,src/chapters/13-funktionsapproximation/S138.mdx
13.8.8,eq,generalisierte-kreuzvalidierung,src/chapters/13-funktionsapproximation/S138.mdx
13.9.1,definition,tensor-produkt-basis,src/chapters/13-funktionsapproximation/S139.mdx
13.9.10,bemerkung,warum-das-mehr-ist-als-eine-notloesung,src/chapters/13-funktionsapproximation/S139.mdx
13.9.11,bemerkung,radiale-basisfunktionen,src/chapters/13-funktionsapproximation/S139.mdx
13.9.12,bemerkung,multivariat-kernkonzepte-des-kapitels,src/chapters/13-funktionsapproximation/S139.mdx
13.9.13,bemerkung,drei-stellschrauben-drei-wirkungen,src/chapters/13-funktionsapproximation/S139.mdx
13.9.2,bemerkung,was-kapitel-9-dazu-schon-gesagt-hat,src/chapters/13-funktionsapproximation/S139.mdx
13.9.3,bemerkung,es-bleibt-ein-lineares-kleinste-quadrate,src/chapters/13-funktionsapproximation/S139.mdx
13.9.4,beispiel,zehn-basisfunktionen-je-variable,src/chapters/13-funktionsapproximation/S139.mdx
13.9.5,satz,eine-mse-obergrenze-im-multivariaten,src/chapters/13-funktionsapproximation/S139.mdx
13.9.6,bemerkung,was-die-rate-ueber-datenmengen-sagt,src/chapters/13-funktionsapproximation/S139.mdx
13.9.7,bemerkung,auch-die-auswertung-kostet,src/chapters/13-funktionsapproximation/S139.mdx
13.9.8,definition,additives-modell,src/chapters/13-funktionsapproximation/S139.mdx
13.9.9,bemerkung,der-gewinn-und-was-er-kostet,src/chapters/13-funktionsapproximation/S139.mdx
13.9.1,eq,tensor-produkt-basis,src/chapters/13-funktionsapproximation/S139.mdx
13.9.2,eq,eine-mse-obergrenze-im-multivariaten,src/chapters/13-funktionsapproximation/S139.mdx
13.9.3,eq,eine-mse-obergrenze-im-multivariaten-2,src/chapters/13-funktionsapproximation/S139.mdx
13.9.4,eq,additives-modell,src/chapters/13-funktionsapproximation/S139.mdx
